"","X","indv","bam","population","site","type"
"1",1,"N-FL-A-10","WF-3727-N-FL-A-10.trim.rg.sam.bam","N-FL-A","N","A"
"2",2,"N-FL-A-11","WF-3727-N-FL-A-11.trim.rg.sam.bam","N-FL-A","N","A"
"3",3,"N-FL-A-12","WF-3727-N-FL-A-12.trim.rg.sam.bam","N-FL-A","N","A"
"4",4,"N-FL-A-13","WF-3727-N-FL-A-13.trim.rg.sam.bam","N-FL-A","N","A"
"5",5,"N-FL-A-14","WF-3727-N-FL-A-14.trim.rg.sam.bam","N-FL-A","N","A"
"6",6,"N-FL-A-15","WF-3727-N-FL-A-15.trim.rg.sam.bam","N-FL-A","N","A"
"7",7,"N-FL-A-16","WF-3727-N-FL-A-16.trim.rg.sam.bam","N-FL-A","N","A"
"8",8,"N-FL-A-17","WF-3727-N-FL-A-17.trim.rg.sam.bam","N-FL-A","N","A"
"9",9,"N-FL-A-18","WF-3727-N-FL-A-18.trim.rg.sam.bam","N-FL-A","N","A"
"10",10,"N-FL-A-1","WF-3727-N-FL-A-1.trim.rg.sam.bam","N-FL-A","N","A"
"11",11,"N-FL-A-2","WF-3727-N-FL-A-2.trim.rg.sam.bam","N-FL-A","N","A"
"12",12,"N-FL-A-3","WF-3727-N-FL-A-3.trim.rg.sam.bam","N-FL-A","N","A"
"13",13,"N-FL-A-4","WF-3727-N-FL-A-4.trim.rg.sam.bam","N-FL-A","N","A"
"14",14,"N-FL-A-5","WF-3727-N-FL-A-5.trim.rg.sam.bam","N-FL-A","N","A"
"16",16,"N-FL-A-7","WF-3727-N-FL-A-7.trim.rg.sam.bam","N-FL-A","N","A"
"17",17,"N-FL-A-8","WF-3727-N-FL-A-8.trim.rg.sam.bam","N-FL-A","N","A"
"18",18,"N-FL-A-9","WF-3727-N-FL-A-9.trim.rg.sam.bam","N-FL-A","N","A"
"19",19,"N-FL-M-17","WF-3727-N-FL-M-17.trim.rg.sam.bam","N-FL-M","N","M"
"21",21,"R-FL-A-10","WF-3727-R-FL-A-10.trim.rg.sam.bam","R-FL-A","R","A"
"22",22,"R-FL-A-11","WF-3727-R-FL-A-11.trim.rg.sam.bam","R-FL-A","R","A"
"23",23,"R-FL-A-12","WF-3727-R-FL-A-12.trim.rg.sam.bam","R-FL-A","R","A"
"24",24,"R-FL-A-13","WF-3727-R-FL-A-13.trim.rg.sam.bam","R-FL-A","R","A"
"26",26,"R-FL-A-15","WF-3727-R-FL-A-15.trim.rg.sam.bam","R-FL-A","R","A"
"28",28,"R-FL-A-20","WF-3727-R-FL-A-20.trim.rg.sam.bam","R-FL-A","R","A"
"32",32,"R-FL-A-5","WF-3727-R-FL-A-5.trim.rg.sam.bam","R-FL-A","R","A"
"34",34,"R-FL-A-7","WF-3727-R-FL-A-7.trim.rg.sam.bam","R-FL-A","R","A"
"35",35,"R-FL-A-8","WF-3727-R-FL-A-8.trim.rg.sam.bam","R-FL-A","R","A"
"38",38,"R-FL-M-13","WF-3727-R-FL-M-13.trim.rg.sam.bam","R-FL-M","R","M"
"39",39,"R-FL-M-14","WF-3727-R-FL-M-14.trim.rg.sam.bam","R-FL-M","R","M"
"41",41,"R-FL-M-18","WF-3727-R-FL-M-18.trim.rg.sam.bam","R-FL-M","R","M"
"43",43,"R-FL-M-3","WF-3727-R-FL-M-3.trim.rg.sam.bam","R-FL-M","R","M"
"50",50,"R-FL-T-17","WF-3727-R-FL-T-17.trim.rg.sam.bam","R-FL-M","R","M"
"56",56,"A-FL-A-11-rep2","YC-4275-A-FL-A-11-rep2_S104_R1.rg.bam","A-FL-A","A","A"
"60",60,"A-FL-A-14","YC-4275-A-FL-A-14_S81_R1.rg.bam","A-FL-A","A","A"
"62",62,"A-FL-A-1","YC-4275-A-FL-A-1_S69_R1.rg.bam","A-FL-A","A","A"
"65",65,"A-FL-A-4","YC-4275-A-FL-A-4_S72_R1.rg.bam","A-FL-A","A","A"
"71",71,"A-FL-M-10","YC-4275-A-FL-M-10_S91_R1.rg.bam","A-FL-M","A","M"
"75",75,"A-FL-M-14","YC-4275-A-FL-M-14_S94_R1.rg.bam","A-FL-M","A","M"
"76",76,"A-FL-M-15","YC-4275-A-FL-M-15_S95_R1.rg.bam","A-FL-M","A","M"
"88",88,"K-FL-A-10","YC-4275-K-FL-A-10_S52_R1.rg.bam","K-FL-A","K","A"
"89",89,"K-FL-A-11","YC-4275-K-FL-A-11_S53_R1.rg.bam","K-FL-A","K","A"
"90",90,"K-FL-A-12","YC-4275-K-FL-A-12_S54_R1.rg.bam","K-FL-A","K","A"
"91",91,"K-FL-A-15","YC-4275-K-FL-A-15_S55_R1.rg.bam","K-FL-A","K","A"
"92",92,"K-FL-A-16","YC-4275-K-FL-A-16_S56_R1.rg.bam","K-FL-A","K","A"
"93",93,"K-FL-A-17-rep2","YC-4275-K-FL-A-17-rep2_S99_R1.rg.bam","K-FL-A","K","A"
"95",95,"K-FL-A-1","YC-4275-K-FL-A-1_S43_R1.rg.bam","K-FL-A","K","A"
"96",96,"K-FL-A-20","YC-4275-K-FL-A-20_S58_R1.rg.bam","K-FL-A","K","A"
"97",97,"K-FL-A-2","YC-4275-K-FL-A-2_S44_R1.rg.bam","K-FL-A","K","A"
"98",98,"K-FL-A-3","YC-4275-K-FL-A-3_S45_R1.rg.bam","K-FL-A","K","A"
"99",99,"K-FL-A-4","YC-4275-K-FL-A-4_S46_R1.rg.bam","K-FL-A","K","A"
"100",100,"K-FL-A-5","YC-4275-K-FL-A-5_S47_R1.rg.bam","K-FL-A","K","A"
"101",101,"K-FL-A-6","YC-4275-K-FL-A-6_S48_R1.rg.bam","K-FL-A","K","A"
"102",102,"K-FL-A-7","YC-4275-K-FL-A-7_S49_R1.rg.bam","K-FL-A","K","A"
"103",103,"K-FL-A-8-rep1","YC-4275-K-FL-A-8-rep1_S98_R1.rg.bam","K-FL-A","K","A"
"105",105,"K-FL-M-10","YC-4275-K-FL-M-10_S63_R1.rg.bam","K-FL-M","K","M"
"106",106,"K-FL-M-11","YC-4275-K-FL-M-11_S64_R1.rg.bam","K-FL-M","K","M"
"115",115,"N-FL-A-19-rep1","YC-4275-N-FL-A-19-rep1_S37_R1.rg.bam","N-FL-A","N","A"
"119",119,"N-FL-M-10-rep4","YC-4275-N-FL-M-10-rep4_S42_R1.rg.bam","N-FL-M","N","M"
"122",122,"N-FL-M-12","YC-4275-N-FL-M-12_S25_R1.rg.bam","N-FL-M","N","M"
"153",153,"R-FL-M-8","YC-4275-R-FL-M-8_S9_R1.rg.bam","R-FL-M","R","M"
