,indv,bam,population,site,type
1,N-FL-A-10,WF-3727-N-FL-A-10.trim.rg.sam.bam,N-FL-A,N,A
2,N-FL-A-11,WF-3727-N-FL-A-11.trim.rg.sam.bam,N-FL-A,N,A
3,N-FL-A-12,WF-3727-N-FL-A-12.trim.rg.sam.bam,N-FL-A,N,A
4,N-FL-A-13,WF-3727-N-FL-A-13.trim.rg.sam.bam,N-FL-A,N,A
5,N-FL-A-14,WF-3727-N-FL-A-14.trim.rg.sam.bam,N-FL-A,N,A
6,N-FL-A-15,WF-3727-N-FL-A-15.trim.rg.sam.bam,N-FL-A,N,A
7,N-FL-A-16,WF-3727-N-FL-A-16.trim.rg.sam.bam,N-FL-A,N,A
8,N-FL-A-17,WF-3727-N-FL-A-17.trim.rg.sam.bam,N-FL-A,N,A
9,N-FL-A-18,WF-3727-N-FL-A-18.trim.rg.sam.bam,N-FL-A,N,A
10,N-FL-A-1,WF-3727-N-FL-A-1.trim.rg.sam.bam,N-FL-A,N,A
11,N-FL-A-2,WF-3727-N-FL-A-2.trim.rg.sam.bam,N-FL-A,N,A
12,N-FL-A-3,WF-3727-N-FL-A-3.trim.rg.sam.bam,N-FL-A,N,A
13,N-FL-A-4,WF-3727-N-FL-A-4.trim.rg.sam.bam,N-FL-A,N,A
14,N-FL-A-5,WF-3727-N-FL-A-5.trim.rg.sam.bam,N-FL-A,N,A
15,N-FL-A-6,WF-3727-N-FL-A-6.trim.rg.sam.bam,N-FL-A,N,A
16,N-FL-A-7,WF-3727-N-FL-A-7.trim.rg.sam.bam,N-FL-A,N,A
17,N-FL-A-8,WF-3727-N-FL-A-8.trim.rg.sam.bam,N-FL-A,N,A
18,N-FL-A-9,WF-3727-N-FL-A-9.trim.rg.sam.bam,N-FL-A,N,A
19,N-FL-M-17,WF-3727-N-FL-M-17.trim.rg.sam.bam,N-FL-M,N,M
20,N-FL-M-18,WF-3727-N-FL-M-18.trim.rg.sam.bam,N-FL-M,N,M
21,R-FL-A-10,WF-3727-R-FL-A-10.trim.rg.sam.bam,R-FL-A,R,A
22,R-FL-A-11,WF-3727-R-FL-A-11.trim.rg.sam.bam,R-FL-A,R,A
23,R-FL-A-12,WF-3727-R-FL-A-12.trim.rg.sam.bam,R-FL-A,R,A
24,R-FL-A-13,WF-3727-R-FL-A-13.trim.rg.sam.bam,R-FL-A,R,A
25,R-FL-A-14,WF-3727-R-FL-A-14.trim.rg.sam.bam,R-FL-A,R,A
26,R-FL-A-15,WF-3727-R-FL-A-15.trim.rg.sam.bam,R-FL-A,R,A
27,R-FL-A-17,WF-3727-R-FL-A-17.trim.rg.sam.bam,R-FL-A,R,A
28,R-FL-A-20,WF-3727-R-FL-A-20.trim.rg.sam.bam,R-FL-A,R,A
29,R-FL-A-3,WF-3727-R-FL-A-3.trim.rg.sam.bam,R-FL-A,R,A
31,R-FL-A-4,WF-3727-R-FL-A-4.trim.rg.sam.bam,R-FL-A,R,A
32,R-FL-A-5,WF-3727-R-FL-A-5.trim.rg.sam.bam,R-FL-A,R,A
33,R-FL-A-6,WF-3727-R-FL-A-6.trim.rg.sam.bam,R-FL-A,R,A
34,R-FL-A-7,WF-3727-R-FL-A-7.trim.rg.sam.bam,R-FL-A,R,A
35,R-FL-A-8,WF-3727-R-FL-A-8.trim.rg.sam.bam,R-FL-A,R,A
36,R-FL-A-9,WF-3727-R-FL-A-9.trim.rg.sam.bam,R-FL-A,R,A
38,R-FL-M-13,WF-3727-R-FL-M-13.trim.rg.sam.bam,R-FL-M,R,M
39,R-FL-M-14,WF-3727-R-FL-M-14.trim.rg.sam.bam,R-FL-M,R,M
40,R-FL-M-16,WF-3727-R-FL-M-16.trim.rg.sam.bam,R-FL-M,R,M
41,R-FL-M-18,WF-3727-R-FL-M-18.trim.rg.sam.bam,R-FL-M,R,M
42,R-FL-M-20,WF-3727-R-FL-M-20.trim.rg.sam.bam,R-FL-M,R,M
43,R-FL-M-3,WF-3727-R-FL-M-3.trim.rg.sam.bam,R-FL-M,R,M
44,R-FL-M-4,WF-3727-R-FL-M-4.trim.rg.sam.bam,R-FL-M,R,M
46,R-FL-T-10,WF-3727-R-FL-T-10.trim.rg.sam.bam,R-FL-M,R,M
47,R-FL-T-11,WF-3727-R-FL-T-11.trim.rg.sam.bam,R-FL-M,R,M
49,R-FL-T-14,WF-3727-R-FL-T-14.trim.rg.sam.bam,R-FL-M,R,M
50,R-FL-T-17,WF-3727-R-FL-T-17.trim.rg.sam.bam,R-FL-M,R,M
51,R-FL-T-18,WF-3727-R-FL-T-18.trim.rg.sam.bam,R-FL-M,R,M
52,R-FL-T-1,WF-3727-R-FL-T-1.trim.rg.sam.bam,R-FL-M,R,M
53,R-FL-T-5,WF-3727-R-FL-T-5.trim.rg.sam.bam,R-FL-M,R,M
54,R-FL-T-6,WF-3727-R-FL-T-6.trim.rg.sam.bam,R-FL-M,R,M
55,R-FL-T-7,WF-3727-R-FL-T-7.trim.rg.sam.bam,R-FL-M,R,M
57,A-FL-A-11,YC-4275-A-FL-A-11_S78_R1.rg.bam,A-FL-A,A,A
58,A-FL-A-12,YC-4275-A-FL-A-12_S79_R1.rg.bam,A-FL-A,A,A
59,A-FL-A-13,YC-4275-A-FL-A-13_S80_R1.rg.bam,A-FL-A,A,A
60,A-FL-A-14,YC-4275-A-FL-A-14_S81_R1.rg.bam,A-FL-A,A,A
61,A-FL-A-15,YC-4275-A-FL-A-15_S82_R1.rg.bam,A-FL-A,A,A
62,A-FL-A-1,YC-4275-A-FL-A-1_S69_R1.rg.bam,A-FL-A,A,A
63,A-FL-A-2,YC-4275-A-FL-A-2_S70_R1.rg.bam,A-FL-A,A,A
64,A-FL-A-3,YC-4275-A-FL-A-3_S71_R1.rg.bam,A-FL-A,A,A
65,A-FL-A-4,YC-4275-A-FL-A-4_S72_R1.rg.bam,A-FL-A,A,A
66,A-FL-A-5,YC-4275-A-FL-A-5_S73_R1.rg.bam,A-FL-A,A,A
67,A-FL-A-6,YC-4275-A-FL-A-6_S74_R1.rg.bam,A-FL-A,A,A
68,A-FL-A-7,YC-4275-A-FL-A-7_S75_R1.rg.bam,A-FL-A,A,A
69,A-FL-A-8,YC-4275-A-FL-A-8_S76_R1.rg.bam,A-FL-A,A,A
70,A-FL-A-9,YC-4275-A-FL-A-9_S77_R1.rg.bam,A-FL-A,A,A
71,A-FL-M-10,YC-4275-A-FL-M-10_S91_R1.rg.bam,A-FL-M,A,M
72,A-FL-M-12,YC-4275-A-FL-M-12_S92_R1.rg.bam,A-FL-M,A,M
74,A-FL-M-13,YC-4275-A-FL-M-13_S93_R1.rg.bam,A-FL-M,A,M
75,A-FL-M-14,YC-4275-A-FL-M-14_S94_R1.rg.bam,A-FL-M,A,M
76,A-FL-M-15,YC-4275-A-FL-M-15_S95_R1.rg.bam,A-FL-M,A,M
77,A-FL-M-16,YC-4275-A-FL-M-16_S96_R1.rg.bam,A-FL-M,A,M
78,A-FL-M-17,YC-4275-A-FL-M-17_S97_R1.rg.bam,A-FL-M,A,M
79,A-FL-M-1,YC-4275-A-FL-M-1_S83_R1.rg.bam,A-FL-M,A,M
80,A-FL-M-2,YC-4275-A-FL-M-2_S84_R1.rg.bam,A-FL-M,A,M
81,A-FL-M-3,YC-4275-A-FL-M-3_S85_R1.rg.bam,A-FL-M,A,M
82,A-FL-M-4,YC-4275-A-FL-M-4_S86_R1.rg.bam,A-FL-M,A,M
83,A-FL-M-5,YC-4275-A-FL-M-5_S87_R1.rg.bam,A-FL-M,A,M
84,A-FL-M-6,YC-4275-A-FL-M-6_S88_R1.rg.bam,A-FL-M,A,M
86,A-FL-M-7,YC-4275-A-FL-M-7_S89_R1.rg.bam,A-FL-M,A,M
87,A-FL-M-9,YC-4275-A-FL-M-9_S90_R1.rg.bam,A-FL-M,A,M
88,K-FL-A-10,YC-4275-K-FL-A-10_S52_R1.rg.bam,K-FL-A,K,A
89,K-FL-A-11,YC-4275-K-FL-A-11_S53_R1.rg.bam,K-FL-A,K,A
90,K-FL-A-12,YC-4275-K-FL-A-12_S54_R1.rg.bam,K-FL-A,K,A
91,K-FL-A-15,YC-4275-K-FL-A-15_S55_R1.rg.bam,K-FL-A,K,A
92,K-FL-A-16,YC-4275-K-FL-A-16_S56_R1.rg.bam,K-FL-A,K,A
94,K-FL-A-17,YC-4275-K-FL-A-17_S57_R1.rg.bam,K-FL-A,K,A
95,K-FL-A-1,YC-4275-K-FL-A-1_S43_R1.rg.bam,K-FL-A,K,A
96,K-FL-A-20,YC-4275-K-FL-A-20_S58_R1.rg.bam,K-FL-A,K,A
97,K-FL-A-2,YC-4275-K-FL-A-2_S44_R1.rg.bam,K-FL-A,K,A
98,K-FL-A-3,YC-4275-K-FL-A-3_S45_R1.rg.bam,K-FL-A,K,A
99,K-FL-A-4,YC-4275-K-FL-A-4_S46_R1.rg.bam,K-FL-A,K,A
100,K-FL-A-5,YC-4275-K-FL-A-5_S47_R1.rg.bam,K-FL-A,K,A
101,K-FL-A-6,YC-4275-K-FL-A-6_S48_R1.rg.bam,K-FL-A,K,A
102,K-FL-A-7,YC-4275-K-FL-A-7_S49_R1.rg.bam,K-FL-A,K,A
104,K-FL-A-8,YC-4275-K-FL-A-8_S50_R1.rg.bam,K-FL-A,K,A
105,K-FL-M-10,YC-4275-K-FL-M-10_S63_R1.rg.bam,K-FL-M,K,M
106,K-FL-M-11,YC-4275-K-FL-M-11_S64_R1.rg.bam,K-FL-M,K,M
107,K-FL-M-15,YC-4275-K-FL-M-15_S66_R1.rg.bam,K-FL-M,K,M
108,K-FL-M-16,YC-4275-K-FL-M-16_S67_R1.rg.bam,K-FL-M,K,M
109,K-FL-M-19,YC-4275-K-FL-M-19_S68_R1.rg.bam,K-FL-M,K,M
111,K-FL-M-2,YC-4275-K-FL-M-2_S59_R1.rg.bam,K-FL-M,K,M
112,K-FL-M-3,YC-4275-K-FL-M-3_S60_R1.rg.bam,K-FL-M,K,M
113,K-FL-M-6,YC-4275-K-FL-M-6_S61_R1.rg.bam,K-FL-M,K,M
114,K-FL-M-9,YC-4275-K-FL-M-9_S62_R1.rg.bam,K-FL-M,K,M
116,N-FL-A-19,YC-4275-N-FL-A-19_S15_R1.rg.bam,N-FL-A,N,A
118,N-FL-A-20,YC-4275-N-FL-A-20_S16_R1.rg.bam,N-FL-A,N,A
120,N-FL-M-10,YC-4275-N-FL-M-10_S23_R1.rg.bam,N-FL-M,N,M
121,N-FL-M-11,YC-4275-N-FL-M-11_S24_R1.rg.bam,N-FL-M,N,M
122,N-FL-M-12,YC-4275-N-FL-M-12_S25_R1.rg.bam,N-FL-M,N,M
123,N-FL-M-13,YC-4275-N-FL-M-13_S26_R1.rg.bam,N-FL-M,N,M
124,N-FL-M-14,YC-4275-N-FL-M-14_S27_R1.rg.bam,N-FL-M,N,M
125,N-FL-M-15,YC-4275-N-FL-M-15_S28_R1.rg.bam,N-FL-M,N,M
126,N-FL-M-16,YC-4275-N-FL-M-16_S29_R1.rg.bam,N-FL-M,N,M
127,N-FL-M-20,YC-4275-N-FL-M-20_S31_R1.rg.bam,N-FL-M,N,M
129,N-FL-M-2,YC-4275-N-FL-M-2_S17_R1.rg.bam,N-FL-M,N,M
131,N-FL-M-4,YC-4275-N-FL-M-4_S18_R1.rg.bam,N-FL-M,N,M
132,N-FL-M-5,YC-4275-N-FL-M-5_S19_R1.rg.bam,N-FL-M,N,M
134,N-FL-M-6,YC-4275-N-FL-M-6_S20_R1.rg.bam,N-FL-M,N,M
135,N-FL-M-7,YC-4275-N-FL-M-7_S21_R1.rg.bam,N-FL-M,N,M
136,N-FL-M-9,YC-4275-N-FL-M-9_S22_R1.rg.bam,N-FL-M,N,M
138,R-FL-A-16,YC-4275-R-FL-A-16_S3_R1.rg.bam,R-FL-A,R,A
140,R-FL-A-19,YC-4275-R-FL-A-19_S4_R1.rg.bam,R-FL-A,R,A
142,R-FL-A-2,YC-4275-R-FL-A-2_S2_R1.rg.bam,R-FL-A,R,A
143,R-FL-M-10,YC-4275-R-FL-M-10_S10_R1.rg.bam,R-FL-M,R,M
144,R-FL-M-11-rep2,YC-4275-R-FL-M-11-rep2_S36_R1.rg.bam,R-FL-M,R,M
145,R-FL-M-12,YC-4275-R-FL-M-12_S12_R1.rg.bam,R-FL-M,R,M
146,R-FL-M-15,YC-4275-R-FL-M-15_S13_R1.rg.bam,R-FL-M,R,M
147,R-FL-M-17,YC-4275-R-FL-M-17_S14_R1.rg.bam,R-FL-M,R,M
148,R-FL-M-2,YC-4275-R-FL-M-2_S5_R1.rg.bam,R-FL-M,R,M
149,R-FL-M-5,YC-4275-R-FL-M-5_S6_R1.rg.bam,R-FL-M,R,M
150,R-FL-M-6,YC-4275-R-FL-M-6_S7_R1.rg.bam,R-FL-M,R,M
152,R-FL-M-7,YC-4275-R-FL-M-7_S8_R1.rg.bam,R-FL-M,R,M
153,R-FL-M-8,YC-4275-R-FL-M-8_S9_R1.rg.bam,R-FL-M,R,M
